Owner,Model Name,dataset,metrics,evaluation_result,library_name,Dataset,Link_ava
0xideas,0xideas/rustral,non,,,transformers,Yes,No
1nferno,1nferno/Fake_news_detection,non,['accuracy'],[],transformers,No,No
a9i,a9i/scarlett-7b,non,,,transformers,No,No
aao331,aao331/Carpincho-13b,non,,,transformers,No,No
aarnphm,aarnphm/multi-length-text-classification-pipeline,non,,,transformers,No,No
abeeraljabri,abeeraljabri/t5-base-medium-title-generation,non,,[],transformers,No,No
ademax,ademax/vispell-small-v3,non,,,transformers,No,No
AdrianBZG,AdrianBZG/tinyroberta-squad-es,non,,,transformers,No,No
AdryKab47,AdryKab47/llamaft,non,,,transformers,No,No
adwinang,adwinang/finetuning-sentiment-model-3000-samples,non,,[],transformers,No,No
Aelsharaby,Aelsharaby/orca_mini_v3_13b,non,,,transformers,No,No
aerdincdal,aerdincdal/ddo-roberta-turkish-uncased,non,,,transformers,No,No
aguglaniAI,aguglaniAI/phi2_fine_tuned_istanbul_1750,non,,,transformers,No,No
akhooli,akhooli/gpt2-small-arabic-poetry,non,,,transformers,Yes,No
alanaazo,alanaazo/rubert4,non,,,transformers,No,No
AlanHou,AlanHou/xlm-roberta-base-finetuned-panx-de,non,['f1'],[],transformers,No,No
aleksahet,aleksahet/test-push,non,,,transformers,No,No
Aleksandar,Aleksandar/distilbert-srb-ner-setimes,non,"['precision', 'recall', 'f1', 'accuracy']",,transformers,No,No
alexandrabenamar,alexandrabenamar/bloomz-7b1-4Magic,non,,,transformers,No,No
alexpaul,alexpaul/bieru-model,non,,,transformers,No,No
amaye15,amaye15/autoencoder,non,,,transformers,No,No
AmedeoBonatti,AmedeoBonatti/ner_scibert_pretrained,non,"['precision', 'recall', 'f1', 'accuracy']",[],transformers,No,No
Amir01,Amir01/Roberta-finetuned-Parsi-Mianeh-Corpus,non,,[],transformers,No,No
ammarnasr,ammarnasr/custom-adaclip,non,,,transformers,No,No
andresar1205,andresar1205/SMS-spam-detection-BertForSequenceClassification,non,,,transformers,No,No
annamalai-s,annamalai-s/distilbert-sentimentanalysis,non,"['f1', 'accuracy']",[],transformers,No,No
AnshDube77,AnshDube77/distilroberta-dark-pattern,non,,[],transformers,No,No
anushreeya,anushreeya/DialoGPT-small-magma2,non,,,transformers,No,No
argmining-vaccines,argmining-vaccines/bert-base-spanish-wwm-cased-reason_augmented,non,,,transformers,No,No
argsearch,argsearch/llama-7b-rm-float32,non,,[],transformers,No,No
Arix-ALIMAGNIDOKPO,Arix-ALIMAGNIDOKPO/Mistral_Instruct_IDSR,non,,,transformers,No,No
AriyanH22,AriyanH22/frame_classification_longformer_earlystopping,non,"['accuracy', 'f1', 'precision', 'recall']",[],transformers,No,No
Arklyn,Arklyn/BERT-SA,non,,,transformers,No,No
arxyzan,arxyzan/data2vec-roberta-base,non,,,transformers,No,No
assafm,assafm/cobalt-salmon,non,,,transformers,Yes,No
Audi24,Audi24/my_awesome_model,non,['accuracy'],[],transformers,No,No
audreyleteve,audreyleteve/curious-muskox,non,,,transformers,No,No
AuraRuby,AuraRuby/ARIA,non,,,transformers,No,No
averma1010,averma1010/T5_Math_Equation,non,,,transformers,No,No
Azzedde,Azzedde/flan-t5_logtosumm-checkpoint1500,non,,,transformers,No,No
ba8im,ba8im/phi-2-bash-v0,non,,,mlx,No,No
Baktashans,Baktashans/NLP_HF_Workshop,non,,,transformers,No,No
bandhit,bandhit/typhoon-7b-q4-bnb_cuda-ts-1703352224,non,,,transformers,No,No
batmac,batmac/vicuna-1.1-7b,non,,,transformers,No,No
BeardedMonster,BeardedMonster/traffic,non,,,transformers,No,No
benschlagman,benschlagman/llama-2-7b-chat-esconv,non,,,transformers,No,No
beratcmn,beratcmn/Mistral-7B-v0.1-int8,non,,,transformers,No,No
bharathirajan89,bharathirajan89/gemma-7b-it-2GB-shards-4bit-v1,non,,,transformers,No,No
BlackB,BlackB/bt5-base-thai-en,non,,,transformers,No,No
BlackKakapo,BlackKakapo/flan-t5-small-ro,non,,,transformers,No,No
blaze999,blaze999/ner-wand-test,non,,[],transformers,No,No
BlueZeros,BlueZeros/MING-1.8B,non,,,transformers,No,No
Brackly,Brackly/malawi_quantized_model,non,,,transformers,No,No
bsgreenb,bsgreenb/my_awesome_model,non,"['accuracy', 'f1', 'precision', 'recall']",[],transformers,No,No
bvanflet,bvanflet/coverletter,non,,,transformers,No,No
caowenlei,caowenlei/finetuning-sentiment-model-3000-samples,non,,[],transformers,No,No
cartesinus,cartesinus/slurp-intent_baseline-xlm_r-en,non,"['accuracy', 'f1']",[],transformers,No,No
centino00,centino00/darija-to-english,non,['bleu'],[],transformers,No,No
Chanwho,Chanwho/bert-finetuned-squad,non,,[],transformers,No,No
chaofuyang,chaofuyang/llama-2-13b-chat-gptq-4bit-128g,non,,,transformers,No,No
chargoddard,chargoddard/internlm2-7b-llama,non,,,transformers,No,No
Charritocdt,Charritocdt/clasificador-muchocine,non,['accuracy'],[],transformers,No,No
chathuranga-jayanath,chathuranga-jayanath/codet5-small-v2,non,['rouge'],[],transformers,No,No
chihoonlee10,chihoonlee10/T3Q-Merge-SOLAR12,non,,,transformers,No,No
Chonkator,Chonkator/feedback_sentiment_analysis,non,,,transformers,No,No
christofid,christofid/pgt,non,,,transformers,No,No
cicimen,cicimen/xlm-roberta-base-finetuned-panx-de,non,['f1'],[],transformers,No,No
clicknext,clicknext/phayathaibert,non,,,transformers,No,No
CobraMamba,CobraMamba/mamba-gpt-7b,non,,,transformers,Yes,No
congdt912,congdt912/phobert-base,non,,,transformers,No,No
ConorParis32,ConorParis32/dummy,non,['matthews_correlation'],[],transformers,No,No
DAMO-NLP-MT,DAMO-NLP-MT/polylm-13b,non,,,transformers,No,No
DAMO-NLP-SG,DAMO-NLP-SG/zero-shot-classify-SSTuning-XLM-R,non,['accuracy'],,transformers,No,No
daniel-was-taken,daniel-was-taken/long-t5-tglobal-base-finetuned-scisumm,non,['rouge'],[],transformers,No,No
DanielCarnevale,DanielCarnevale/swissmedical_faqs,non,,,transformers,No,No
DaniilOr,DaniilOr/multilingual_factuality,non,,,transformers,No,No
DANISHFAYAZNAJAR,DANISHFAYAZNAJAR/my_model_en_to_ur,non,['bleu'],[],transformers,No,No
Danjie,Danjie/test,non,,,transformers,No,No
Dark-magician,Dark-magician/my_awesome_qa_model,non,,[],transformers,No,No
Datters,Datters/random-waifus-4x7b,non,,,transformers,No,No
Davada,Davada/subnet6,non,,,transformers,No,No
Davida23,Davida23/Novel_Genre_Classification_bert-finetuned,non,"['f1', 'accuracy']",[],transformers,Yes,No
dawnlight,dawnlight/bart-base-finetuned-CNN-DailyNews,non,['rouge'],[],transformers,No,No
desarrolloasesoreslocales,desarrolloasesoreslocales/jina-embeddings-v2-base-en-finetuned-legalcorpus,non,,[],transformers,No,No
devakumar-g,devakumar-g/gemma-2b-finetune-qlora-chatdoctor,non,,,transformers,No,No
DevSelego,DevSelego/Mistral7b_summarizer_v6,non,,,transformers,No,No
dh-unibe,dh-unibe/gpt2-larger-luther,non,['accuracy'],[],transformers,No,No
Dhanang,Dhanang/sentiment_model,non,"['accuracy', 'f1', 'precision', 'recall']",[],transformers,No,No
dipsivenkatesh,dipsivenkatesh/indibert_v2_sentimentanalysis_tamil,non,,,transformers,No,No
disi-unibo-nlp,disi-unibo-nlp/pmc-llama-13b-awq,non,,,transformers,No,No
distilbert,distilbert/distilbert-base-german-cased,non,,,transformers,No,No
doc2txt,doc2txt/tst_fine-tuning-lilt,non,,[],transformers,No,No
drlee1,drlee1/llama2-ko-70b-mymodel,non,,,transformers,No,No
duongttr,duongttr/vietnamese-trimmed-mbart-large,non,,,transformers,No,No
duy221,duy221/my_awesome_model,non,,[],transformers,No,No
dyc879099,dyc879099/distilbert-base-uncased-finetuned-adl_hw1,non,['accuracy'],[],transformers,No,No
ealanis,ealanis/trial-model,non,['f1'],[],transformers,No,No
eglkan1,eglkan1/mT5-lithuanian-simplifier,non,['rouge'],[],transformers,No,No
elisachen,elisachen/bloom-GPTQquantized-model,non,,,transformers,No,No
emre,emre/arxiv27k-t5-abst-title-gen,non,['rouge'],[],transformers,Yes,No
Enno-Ai,Enno-Ai/bge-m3,non,,,sentence-transformers,Yes,No
eralFlare,eralFlare/gemma-2b-it-gptq,non,,,transformers,Yes,No
erwanlc,erwanlc/t5-cocktails_recipe-small,non,,[],transformers,No,No
eson,eson/kplug-base-jddc,non,,,transformers,No,No
espirado1,espirado1/emotion-test-1000,non,,,transformers,No,No
EtienneDu91,EtienneDu91/galactica-6.7b-evol-instruct-70k-GPTQ-4b,non,,,transformers,No,No
fedora-copr,fedora-copr/t5-small-finetuned-logjuicer,non,['rouge'],[],transformers,No,No
Felladrin,Felladrin/onnx-GPT2-Medium-Alpaca-355m,non,,,transformers.js,No,No
Fihade,Fihade/Mistral-7B-Instruct-v0.2-q,non,,,mlx,No,No
fireworks-ai,fireworks-ai/Yi-6B-Llama,non,,,transformers,No,No
flemmingmiguel,flemmingmiguel/MDBX-7B,non,,,transformers,No,No
fokyoum9,fokyoum9/Solar_KO_ORCA_Test10,non,,,transformers,No,No
frank1243,frank1243/mistralai-Instruct-JP-Finetune-fluency,non,,,transformers,Yes,No
frenkd,frenkd/distilbert-base-uncased-finetuned-squad,non,,[],transformers,No,No
fterry,fterry/FofoNet-CatDolphin-PPT-slerp,non,,,transformers,No,No
FungSung,FungSung/distilBert_sentiment_test_23DEC,non,"['accuracy', 'f1', 'precision', 'recall']",[],transformers,No,No
Fynd,Fynd/gptq_cyclops_chat_model,non,,,transformers,No,No
GabSo,GabSo/santacoder-finetuned-robot3,non,,[],transformers,No,No
GalaganKV,GalaganKV/Mistral-7B-Instruct-v0.2-Summary,non,,,transformers,No,No
GamerGod2k,GamerGod2k/DialoGPT-medium-johnnyboy123,non,,,transformers,No,No
GandegaH,GandegaH/bert-base-cased-wikitext2,non,,[],transformers,No,No
gapendl,gapendl/geronimo-base,non,,,sentence-transformers,No,No
GerbilLab,GerbilLab/IPythia-410m,non,,,transformers,No,No
giux78,giux78/gemma-2b-sft-ita,non,,,transformers,No,No
glacio-dev,glacio-dev/Qwen1.5-7B-Chat-Q4,non,,,mlx,No,No
godxin,godxin/chinese_alpaca_plus_lora_7b,non,,,transformers,No,No
Gow9,Gow9/trial-model,non,['f1'],[],transformers,No,No
gr8testgad-1,gr8testgad-1/movie_sentiment,non,['accuracy'],[],transformers,No,No
gregor160300,gregor160300/llama2-fine-tuned-sql-create-context-1000-steps,non,,,transformers,No,No
grimpep,grimpep/Huginnstruct-22B,non,,,transformers,No,No
GTsky,GTsky/t5-small-finetuned-newssum,non,['rouge'],[],transformers,No,No
HackerCIS,HackerCIS/gemma-2b_PROMPT_TUNING_CAUSAL_SPAM_epoch3,non,,,transformers,No,No
hadeer108arafa,hadeer108arafa/Mistral-Face-Prompt-Regeneration,non,,,transformers,No,No
hadifar,hadifar/summarizer,non,,,transformers,Yes,No
hadifar,hadifar/summarizer,,,,transformers,,
hahahafofo,hahahafofo/Qwen-1_8B-Stable-Diffusion-Prompt_v0.5,non,,,transformers,No,No
hanspeterlyngsoeraaschoujensen,hanspeterlyngsoeraaschoujensen/deepseek-math-7b-instruct-GPTQ,non,,,transformers,No,No
haqishen,haqishen/cls-v2-test-1-3B-fold1,non,,,transformers,Yes,No
harshitha11ravani,harshitha11ravani/finetuning-emotion-model,non,"['accuracy', 'f1']",[],transformers,No,No
hcyying,hcyying/distilbert-base-uncased-finetuned-emotion,non,"['accuracy', 'f1']",[],transformers,No,No
HeavenlyJoe,HeavenlyJoe/t5-fine-tuning,non,['bleu'],[],transformers,No,No
HektorOrion,HektorOrion/clasificador-muchocine,non,['accuracy'],[],transformers,No,No
HeshamHaroon,HeshamHaroon/falcon-rw-1b-4bit,non,,,transformers,No,No
hhsungurbykr,hhsungurbykr/Llama2-Stackoverflow,non,,,transformers,No,No
Himanshumaxwell,Himanshumaxwell/DialoGPT-small-harrypotter,non,,,transformers,No,No
HMehrab,HMehrab/bangla_idiom_paraphrase_v1,non,['rouge'],[],transformers,No,No
hotchpotch,hotchpotch/mMiniLMv2-L6-H384,non,,,transformers,No,No
HPLT,HPLT/gpt-7b-nordic-prerelease,non,,,transformers,No,No
hustcw,hustcw/clap-text,non,,,transformers,Yes,No
hyunjerry,hyunjerry/distilbert-base-uncased-finetuned-squad,non,,[],transformers,No,No
IdleIdiot,IdleIdiot/thtf-7b,non,,,transformers,No,No
imaether,imaether/roberta-offensive-junior,non,,,transformers,Yes,No
indonesian-nlp,indonesian-nlp/gpt2,non,,,transformers,Yes,Yes
Inforup982,Inforup982/Harsha-Hermes-2.5-Mistral-7B_safetensors,non,,,transformers,No,No
inkoziev,inkoziev/chargpt-96M,non,,,transformers,No,No
inswave,inswave/AISquare-Instruct-llama2-koen-13b-v0.9.24,non,,,transformers,No,No
ixaxaar,ixaxaar/flan-t5-base_multi-nli,non,,,transformers,Yes,No
jae24,jae24/openhermes_dpo_norobot_0201,non,,,transformers,Yes,No
jan-hq,jan-hq/TinyLlama-Bamboo-v1.0,non,,,transformers,No,No
janhq,janhq/Phoenix-v1-8x7B,non,,,transformers,No,No
jchen1234567,jchen1234567/testing_model_1,non,,,transformers,No,No
JdThe65th,JdThe65th/GPT2-Glitchfur-Zenith-JD,non,,,transformers,Yes,No
JeaHyung,JeaHyung/test_trainer,non,,[],transformers,No,No
jebcarter,jebcarter/psyonic-cetacean-20B,non,,,transformers,No,No
jgibb,jgibb/t-5_small_test_1,non,,[],transformers,No,No
JiangYH,JiangYH/Gemma-2b-it-zh,non,,,transformers,No,No
jitesh,jitesh/emotion-english,non,,,transformers,Yes,No
jjiguaran,jjiguaran/tweet_colombia_emotions,non,,,transformers,No,No
jjmcarrascosa,jjmcarrascosa/xlm-roberta-base-toxicity,non,"['f1', 'accuracy']",[],transformers,Yes,Yes
JoanParanoid,JoanParanoid/writemodel,non,,,transformers,No,No
Johmmyyyy,Johmmyyyy/bert-address-parsing,non,,,transformers,No,No
JohnDoe70,JohnDoe70/tinyroberta-squad2-finetuned-squad,non,,[],transformers,No,No
jpbywater,jpbywater/assessing-advancing-question-classifier-v1,non,['accuracy'],[],transformers,No,No
juan-glez29,juan-glez29/BERTuit-gender-all,non,,,transformers,No,No
juancotrino,juancotrino/connecta,non,"['accuracy', 'f1']",[],transformers,Yes,No
juansebas7ian,juansebas7ian/platzi-distilroberta-base-mrpc-glue-juansebas7ian,non,"['accuracy', 'f1']",[],transformers,No,No
julianfrank1151,julianfrank1151/bert-finetuned-squad,non,,[],transformers,No,No
kaiyuy,kaiyuy/leandojo-lean3-tacgen-byt5-small,non,,,transformers,No,No
kamalkraj,kamalkraj/BioELECTRA-PICO,non,,,transformers,No,No
karanamak,karanamak/job-email-classifier,non,,,sentence-transformers,No,No
Karenina-na,Karenina-na/vicuna-7b,non,,,transformers,No,No
katowtkkk,katowtkkk/testing_model,non,,,transformers,No,No
katuni4ka,katuni4ka/tiny-random-chatglm2,non,,[],transformers,No,No
KatyMergeTesting,KatyMergeTesting/MythoMaid-13B-SLERP,non,,,transformers,No,No
kazandaev,kazandaev/m2m100_418M-finetuned-en-ru,non,['bleu'],[],transformers,No,No
Kendamarron,Kendamarron/jimba-instruction-or-not-classifier-beta,non,,,transformers,No,No
kenhktsui,kenhktsui/nano-phi-115M-v0.1,non,,"[EvalResult(task_type='text-generation', dataset_type='ai2_arc', dataset_name='AI2 Reasoning Challenge (25-Shot)', metric_type='acc_norm', metric_value=21.93, task_name='Text Generation', dataset_config='ARC-Challenge', dataset_split='test', dataset_revision=None, dataset_args={'num_few_shot': 25}, metric_name='normalized accuracy', metric_config=None, metric_args=None, verified=False, verify_token=None, source_name='Open LLM Leaderboard', source_url='https://huggingface.co/spaces/HuggingFaceH4/open_llm_leaderboard?query=kenhktsui/nano-phi-115M-v0.1'), EvalResult(task_type='text-generation', dataset_type='hellaswag', dataset_name='HellaSwag (10-Shot)', metric_type='acc_norm', metric_value=27.86, task_name='Text Generation', dataset_config=None, dataset_split='validation', dataset_revision=None, dataset_args={'num_few_shot': 10}, metric_name='normalized accuracy', metric_config=None, metric_args=None, verified=False, verify_token=None, source_name='Open LLM Leaderboard', source_url='https://huggingface.co/spaces/HuggingFaceH4/open_llm_leaderboard?query=kenhktsui/nano-phi-115M-v0.1'), EvalResult(task_type='text-generation', dataset_type='cais/mmlu', dataset_name='MMLU (5-Shot)', metric_type='acc', metric_value=25.34, task_name='Text Generation', dataset_config='all', dataset_split='test', dataset_revision=None, dataset_args={'num_few_shot': 5}, metric_name='accuracy', metric_config=None, metric_args=None, verified=False, verify_token=None, source_name='Open LLM Leaderboard', source_url='https://huggingface.co/spaces/HuggingFaceH4/open_llm_leaderboard?query=kenhktsui/nano-phi-115M-v0.1'), EvalResult(task_type='text-generation', dataset_type='truthful_qa', dataset_name='TruthfulQA (0-shot)', metric_type='mc2', metric_value=46, task_name='Text Generation', dataset_config='multiple_choice', dataset_split='validation', dataset_revision=None, dataset_args={'num_few_shot': 0}, metric_name=None, metric_config=None, metric_args=None, verified=False, verify_token=None, source_name='Open LLM Leaderboard', source_url='https://huggingface.co/spaces/HuggingFaceH4/open_llm_leaderboard?query=kenhktsui/nano-phi-115M-v0.1'), EvalResult(task_type='text-generation', dataset_type='winogrande', dataset_name='Winogrande (5-shot)', metric_type='acc', metric_value=50.83, task_name='Text Generation', dataset_config='winogrande_xl', dataset_split='validation', dataset_revision=None, dataset_args={'num_few_shot': 5}, metric_name='accuracy', metric_config=None, metric_args=None, verified=False, verify_token=None, source_name='Open LLM Leaderboard', source_url='https://huggingface.co/spaces/HuggingFaceH4/open_llm_leaderboard?query=kenhktsui/nano-phi-115M-v0.1'), EvalResult(task_type='text-generation', dataset_type='gsm8k', dataset_name='GSM8k (5-shot)', metric_type='acc', metric_value=0, task_name='Text Generation', dataset_config='main', dataset_split='test', dataset_revision=None, dataset_args={'num_few_shot': 5}, metric_name='accuracy', metric_config=None, metric_args=None, verified=False, verify_token=None, source_name='Open LLM Leaderboard', source_url='https://huggingface.co/spaces/HuggingFaceH4/open_llm_leaderboard?query=kenhktsui/nano-phi-115M-v0.1')]",transformers,Yes,No
KennethTM,KennethTM/danish-bert-review-sentiment,non,,,transformers,No,No
keylazy,keylazy/distilbert-base-uncased-ark,non,,[],transformers,No,No
khvatov,khvatov/ru_toxicity_detector,non,,,transformers,Yes,No
Kinjal123,Kinjal123/content,non,,[],transformers,No,No
klyang,klyang/MentaLLaMA-chat-7B-hf,non,['f1'],,transformers,Yes,No
krdgcc0shgt,krdgcc0shgt/opt-125m-awq,non,,,transformers,No,No
kuleshov-group,kuleshov-group/caduceus-ph_seqlen-131k_d_model-256_n_layer-16,non,,,transformers,No,No
kye,kye/Atom-Z-Tiny-7B,non,,,nemo,Yes,No
labofsahil,labofsahil/mod,non,,,transformers,No,No
lanaab,lanaab/model_output,non,,[],transformers,No,No
Lecs,Lecs/bert-base-uncased-fine-tuned,non,['accuracy'],[],transformers,No,No
leofn3,leofn3/modelo_racismo_setfit_5jan24,non,['accuracy'],"[EvalResult(task_type='text-classification', dataset_type='unknown', dataset_name='Unknown', metric_type='accuracy', metric_value=0.8723404255319149, task_name='Text Classification', dataset_config=None, dataset_split='test', dataset_revision=None, dataset_args=None, metric_name='Accuracy', metric_config=None, metric_args=None, verified=False, verify_token=None, source_name=None, source_url=None)]",setfit,No,No
LeslieLee1203,LeslieLee1203/HW01,non,['matthews_correlation'],[],transformers,No,No
letgoofthepizza,letgoofthepizza/Llama-2-7b-hf-finetuned-open-korean-instructions,non,,,transformers,No,No
Leul78,Leul78/13b-finetune-awq,non,,,transformers,No,No
lex-hue,lex-hue/LexGPT-V2,non,,,transformers,No,No
lex117,lex117/cproj-gpt,non,,,transformers,No,No
LI-ST,LI-ST/Mistral-7B-ko-v0.1,non,,,transformers,No,No
liamvbetts,liamvbetts/mt5-v2,non,['rouge'],[],transformers,No,No
literid,literid/contacts_detect_tiny_rubert,non,,,transformers,No,No
llkenll,llkenll/BertModel,non,,[],transformers,No,No
LLM360,LLM360/Amber,non,,,transformers,No,No
lokesh2002,lokesh2002/t5-small-finetuned-mydata,non,['rouge'],[],transformers,No,No
LoLZeS666,LoLZeS666/text2test_model,non,,,transformers,No,No
LordAbsurd2137,LordAbsurd2137/calculator_model_test,non,,[],transformers,No,No
lps08,lps08/bert-base-portuguese-cased-editals,non,,,transformers,No,No
lrei,lrei/distilroberta-base-emolit,non,,,transformers,Yes,Yes
LuisDavidFT777,LuisDavidFT777/gpt2-spanish-medium,non,,,transformers,No,No
LuizNeves,LuizNeves/DeBERTa-v3-large-mnli-fever-anli-ling-wanli-vaccine,non,,,transformers,No,No
MAbokahf,MAbokahf/roberta-fine-tune-de-ner,non,,,transformers,No,No
MAdAiLab,MAdAiLab/flan-t5-small_twitter,non,['f1'],[],transformers,No,No
magnolia-psychometrics,magnolia-psychometrics/bandura-v1,non,,,transformers,No,No
Malek1410,Malek1410/albert_project_test_trainer,non,['accuracy'],[],transformers,No,No
MalikIbrar,MalikIbrar/gpt2-wikitext2,non,,[],transformers,No,No
ManishThota,ManishThota/Thota,non,,,transformers,No,No
maonx,maonx/gtemodel1,non,,,sentence-transformers,No,No
Mary8,Mary8/koelectra-small-v2-distilled-korquad-384,non,,[],transformers,No,No
Mason-Little,Mason-Little/super-cool-model,non,,,transformers,No,No
matlok,matlok/tinyllama-cinder-openhermes-32k,non,,,transformers,No,No
matrrix,matrrix/gpt2-customer-service,non,,,transformers,No,No
Matthijs99,Matthijs99/TM_Project,non,"['precision', 'recall', 'f1']",[],transformers,No,No
Maykeye,Maykeye/TinyLLama-v0,non,,,transformers,No,No
mazenj,mazenj/mistral-instruct-medical-model,non,,,transformers,No,No
mdouglas,mdouglas/guanamyra-small,non,,,transformers,No,No
MediaTek-Research,MediaTek-Research/Breeze-7B-Base-v1_0,non,,,transformers,No,No
mediocredev,mediocredev/stablelm-3b-instruct,non,,,transformers,No,No
meetplace1,meetplace1/bertsmallclassifier,non,,,transformers,No,No
megaaziib,megaaziib/Miacaroni-7B-Indonesia,non,,,transformers,No,No
mekjr1,mekjr1/opus-mt-en-es-finetuned-es-to-maz,non,['bleu'],[],transformers,No,No
meowkhoa,meowkhoa/gpt2_viet_poem_generation,non,,[],transformers,No,No
merthacioglu,merthacioglu/bert-base-cased-finetuned-squad-b16,non,,[],transformers,No,No
mesolitica,mesolitica/conformer-2M-ctc,non,,,transformers,No,No
mHossain,mHossain/afrikans_sum_v1,non,['rouge'],[],transformers,No,No
micsell,micsell/xlm-roberta-large-he-restore-punctuation,non,,,transformers,No,No
mikegarts,mikegarts/distilgpt2-lotr,non,,[],transformers,No,No
MiVaCod,MiVaCod/rotten,non,['accuracy'],[],transformers,No,No
mjm4dl,mjm4dl/ps_intent_7b_r16,non,,,transformers,No,No
mkoypish,mkoypish/q-tags-trainer-new,non,,[],transformers,No,No
Mlxa,Mlxa/trash,non,,,transformers,No,No
mnaylor,mnaylor/mega-base-wikitext,non,,,transformers,Yes,No
MohamedAhmedAE,MohamedAhmedAE/bert-base-uncased-issues-128,non,,[],transformers,No,No
Morningheart,Morningheart/commentary-generator,non,,,transformers,No,No
moshew,moshew/bge-small-en-v1.5-SetFit-FSA,non,['accuracy'],"[EvalResult(task_type='text-classification', dataset_type='unknown', dataset_name='Unknown', metric_type='accuracy', metric_value=0.9426048565121413, task_name='Text Classification', dataset_config=None, dataset_split='test', dataset_revision=None, dataset_args=None, metric_name='Accuracy', metric_config=None, metric_args=None, verified=False, verify_token=None, source_name=None, source_url=None)]",setfit,No,No
Mouad2023,Mouad2023/my_awesome_billsum_model,non,['rouge'],[],transformers,No,No
mpowerml,mpowerml/mistral-7b-bn,non,,,transformers,No,No
msong300,msong300/trial-model,non,['f1'],[],transformers,No,No
murodbek,murodbek/uzroberta-panx-uz,non,['f1'],[],transformers,No,No
namirocks,namirocks/mistral-class-tutor-7b-ep3,non,,,transformers,No,No
namnthust,namnthust/content,non,,[],transformers,No,No
Narsil,Narsil/finbert-slow,non,,,transformers,No,No
ndebuhr,ndebuhr/Mistral-7B-Technical-Tutorial-Summarization-QLoRA,non,,,transformers,Yes,No
nielsr,nielsr/udop-test,non,,,transformers,No,No
nikolamilosevic,nikolamilosevic/distil_bert_uncased-finetuned-relations,non,"['accuracy', 'recall', 'f1']",[],transformers,No,No
ningrumdaud,ningrumdaud/SciGap-PubMedBERT-QNLI,non,,,transformers,No,No
nirmalroy,nirmalroy/self-multi-rag,non,,,transformers,No,No
Noor0,Noor0/SentArEng_V0,non,['accuracy'],[],transformers,No,No
Novocoders,Novocoders/Mistral-NeuralDPO-v0.6,non,,[],transformers,No,No
nttrung,nttrung/git-base-pokemon,non,,[],transformers,No,No
Ocastano,Ocastano/title_category_model,non,,,sentence-transformers,No,No
ojaffe,ojaffe/llama2-7b-tom-sandbagged,non,,,transformers,No,No
OMEGAMAX10,OMEGAMAX10/flan-t5-base-artapolitica,non,['rouge'],[],transformers,No,No
OpenBioMed,OpenBioMed/Med-LLaMA-7b,non,,,transformers,No,No
OpenDFM,OpenDFM/ChemDFM-13B-v1.0,non,,,transformers,No,No
OpenMatch,OpenMatch/t5-ance,non,,,transformers,Yes,No
Overthrow4232,Overthrow4232/route_classifier_v1,non,['accuracy'],[],transformers,No,No
P0intMaN,P0intMaN/PyAutoCode,non,,,transformers,Yes,No
p208p2002,p208p2002/llama-keyword-generator-zh2zh-120M,non,,,transformers,No,No
pabsdsr,pabsdsr/bert-finetuned-squad,non,,[],transformers,No,No
papasega,papasega/finetune_bert_avalinguo_2epoch,non,,[],transformers,No,No
philschmid,philschmid/Llama-2-7b-hf,non,,,transformers,Yes,No
Pihu1998,Pihu1998/finetuning-sentiment-model-3000-samples-testcopy,non,,[],transformers,No,No
Pitchboy,Pitchboy/falcon-7b-facts,non,,,transformers,No,No
posicube,posicube/Llama2-chat-AYT-13B,non,,,transformers,Yes,No
pourmand1376,pourmand1376/NER_Farsi,non,,,transformers,No,No
prasadkanche,prasadkanche/MITI-Tax-Gemma-Instruct-Finetune-1.0,non,,,transformers,No,No
project-baize,project-baize/baize-v2-7b,non,,,transformers,No,No
pythonist,pythonist/bert-base-cased-PubmedQAmodel,non,,[],transformers,No,No
radlab,radlab/polish-denoiser-t5-base,non,,,transformers,No,No
Razafaheem,Razafaheem/finetuning-sentiment-model-3000-samples,non,['accuracy'],[],transformers,No,No
rebe121314,rebe121314/SMILES_RoBERTa,non,,[],transformers,No,No
recipe,recipe/embeddings,non,,"[EvalResult(task_type='Classification', dataset_type='mteb/amazon_counterfactual', dataset_name='MTEB AmazonCounterfactualClassification (en)', metric_type='accuracy', metric_value=76.94029850746269, task_name=None, dataset_config='en', dataset_split='test', dataset_revision='e8379541af4e31359cca9fbcf4b00f2671dba205', dataset_args=None, metric_name=None, metric_config=None, metric_args=None, verified=False, verify_token=None, source_name=None, source_url=None), EvalResult(task_type='Classification', dataset_type='mteb/amazon_counterfactual', dataset_name='MTEB AmazonCounterfactualClassification (en)', metric_type='ap', metric_value=40.00228964744091, task_name=None, dataset_config='en', dataset_split='test', dataset_revision='e8379541af4e31359cca9fbcf4b00f2671dba205', dataset_args=None, metric_name=None, metric_config=None, metric_args=None, verified=False, verify_token=None, source_name=None, source_url=None), EvalResult(task_type='Classification', dataset_type='mteb/amazon_counterfactual', dataset_name='MTEB AmazonCounterfactualClassification (en)', metric_type='f1', metric_value=70.86088267934595, task_name=None, dataset_config='en', dataset_split='test', dataset_revision='e8379541af4e31359cca9fbcf4b00f2671dba205', dataset_args=None, metric_name=None, metric_config=None, metric_args=None, verified=False, verify_token=None, source_name=None, source_url=None), EvalResult(task_type='Classification', dataset_type='mteb/amazon_polarity', dataset_name='MTEB AmazonPolarityClassification', metric_type='accuracy', metric_value=91.93745, task_name=None, dataset_config='default', dataset_split='test', dataset_revision='e2d317d38cd51312af73b3d32a06d1a08b442046', dataset_args=None, metric_name=None, metric_config=None, metric_args=None, verified=False, verify_token=None, source_name=None, source_url=None), EvalResult(task_type='Classification', dataset_type='mteb/amazon_polarity', dataset_name='MTEB AmazonPolarityClassification', metric_type='ap', metric_value=88.24758534667426, task_name=None, dataset_config='default', dataset_split='test', dataset_revision='e2d317d38cd51312af73b3d32a06d1a08b442046', dataset_args=None, metric_name=None, metric_config=None, metric_args=None, verified=False, verify_token=None, source_name=None, source_url=None), EvalResult(task_type='Classification', dataset_type='mteb/amazon_polarity', dataset_name='MTEB AmazonPolarityClassification', metric_type='f1', metric_value=91.91033034217591, task_name=None, dataset_config='default', dataset_split='test', dataset_revision='e2d317d38cd51312af73b3d32a06d1a08b442046', dataset_args=None, metric_name=None, metric_config=None, metric_args=None, verified=False, verify_token=None, source_name=None, source_url=None), EvalResult(task_type='Classification', dataset_type='mteb/amazon_reviews_multi', dataset_name='MTEB AmazonReviewsClassification (en)', metric_type='accuracy', metric_value=46.158, task_name=None, dataset_config='en', dataset_split='test', dataset_revision='1399c76144fd37290681b995c656ef9b2e06e26d', dataset_args=None, metric_name=None, metric_config=None, metric_args=None, verified=False, verify_token=None, source_name=None, source_url=None), EvalResult(task_type='Classification', dataset_type='mteb/amazon_reviews_multi', dataset_name='MTEB AmazonReviewsClassification (en)', metric_type='f1', metric_value=45.78935185074774, task_name=None, dataset_config='en', dataset_split='test', dataset_revision='1399c76144fd37290681b995c656ef9b2e06e26d', dataset_args=None, metric_name=None, metric_config=None, metric_args=None, verified=False, verify_token=None, source_name=None, source_url=None), EvalResult(task_type='Retrieval', dataset_type='arguana', dataset_name='MTEB ArguAna', metric_type='map_at_1', metric_value=39.972, task_name=None, dataset_config='default', dataset_split='test', dataset_revision='None', dataset_args=None, metric_name=None, metric_config=None, metric_args=None, verified=False, verify_token=None, source_name=None, source_url=None), EvalResult(task_type='Retrieval', dataset_type='arguana', dataset_name='MTEB ArguAna', metric_type='map_at_10', metric_value=54.874, task_name=None, dataset_config='default', dataset_split='test', dataset_revision='None', dataset_args=None, metric_name=None, metric_config=None, metric_args=None, verified=False, verify_token=None, source_name=None, source_url=None), EvalResult(task_type='Retrieval', dataset_type='arguana', dataset_name='MTEB ArguAna', metric_type='map_at_100', metric_value=55.53399999999999, task_name=None, dataset_config='default', dataset_split='test', dataset_revision='None', dataset_args=None, metric_name=None, metric_config=None, metric_args=None, verified=False, verify_token=None, source_name=None, source_url=None), EvalResult(task_type='Retrieval', dataset_type='arguana', dataset_name='MTEB ArguAna', metric_type='map_at_1000', metric_value=55.539, task_name=None, dataset_config='default', dataset_split='test', dataset_revision='None', dataset_args=None, metric_name=None, metric_config=None, metric_args=None, verified=False, verify_token=None, source_name=None, source_url=None), EvalResult(task_type='Retrieval', dataset_type='arguana', dataset_name='MTEB ArguAna', metric_type='map_at_3', metric_value=51.031000000000006, task_name=None, dataset_config='default', dataset_split='test', dataset_revision='None', dataset_args=None, metric_name=None, metric_config=None, metric_args=None, verified=False, verify_token=None, source_name=None, source_url=None), EvalResult(task_type='Retrieval', dataset_type='arguana', dataset_name='MTEB ArguAna', metric_type='map_at_5', metric_value=53.342999999999996, task_name=None, dataset_config='default', dataset_split='test', dataset_revision='None', dataset_args=None, metric_name=None, metric_config=None, metric_args=None, verified=False, verify_token=None, source_name=None, source_url=None), EvalResult(task_type='Retrieval', dataset_type='arguana', dataset_name='MTEB ArguAna', metric_type='mrr_at_1', metric_value=40.541, task_name=None, dataset_config='default', dataset_split='test', dataset_revision='None', dataset_args=None, metric_name=None, metric_config=None, metric_args=None, verified=False, verify_token=None, source_name=None, source_url=None), EvalResult(task_type='Retrieval', dataset_type='arguana', dataset_name='MTEB ArguAna', metric_type='mrr_at_10', metric_value=55.096000000000004, task_name=None, dataset_config='default', dataset_split='test', dataset_revision='None', dataset_args=None, metric_name=None, metric_config=None, metric_args=None, verified=False, verify_token=None, source_name=None, source_url=None), EvalResult(task_type='Retrieval', dataset_type='arguana', dataset_name='MTEB ArguAna', metric_type='mrr_at_100', metric_value=55.75599999999999, task_name=None, dataset_config='default', dataset_split='test', dataset_revision='None', dataset_args=None, metric_name=None, metric_config=None, metric_args=None, verified=False, verify_token=None, source_name=None, source_url=None), EvalResult(task_type='Retrieval', dataset_type='arguana', dataset_name='MTEB ArguAna', metric_type='mrr_at_1000', metric_value=55.761, task_name=None, dataset_config='default', dataset_split='test', dataset_revision='None', dataset_args=None, metric_name=None, metric_config=None, metric_args=None, verified=False, verify_token=None, source_name=None, source_url=None), EvalResult(task_type='Retrieval', dataset_type='arguana', dataset_name='MTEB ArguAna', metric_type='mrr_at_3', metric_value=51.221000000000004, task_name=None, dataset_config='default', dataset_split='test', dataset_revision='None', dataset_args=None, metric_name=None, metric_config=None, metric_args=None, verified=False, verify_token=None, source_name=None, source_url=None), EvalResult(task_type='Retrieval', dataset_type='arguana', dataset_name='MTEB ArguAna', metric_type='mrr_at_5', metric_value=53.568000000000005, task_name=None, dataset_config='default', dataset_split='test', dataset_revision='None', dataset_args=None, metric_name=None, metric_config=None, metric_args=None, verified=False, verify_token=None, source_name=None, source_url=None), EvalResult(task_type='Retrieval', dataset_type='arguana', dataset_name='MTEB ArguAna', metric_type='ndcg_at_1', metric_value=39.972, task_name=None, dataset_config='default', dataset_split='test', dataset_revision='None', dataset_args=None, metric_name=None, metric_config=None, metric_args=None, verified=False, verify_token=None, source_name=None, source_url=None), EvalResult(task_type='Retrieval', dataset_type='arguana', dataset_name='MTEB ArguAna', metric_type='ndcg_at_10', metric_value=62.456999999999994, task_name=None, dataset_config='default', dataset_split='test', dataset_revision='None', dataset_args=None, metric_name=None, metric_config=None, metric_args=None, verified=False, verify_token=None, source_name=None, source_url=None), EvalResult(task_type='Retrieval', dataset_type='arguana', dataset_name='MTEB ArguAna', metric_type='ndcg_at_100', metric_value=65.262, task_name=None, dataset_config='default', dataset_split='test', dataset_revision='None', dataset_args=None, metric_name=None, metric_config=None, metric_args=None, verified=False, verify_token=None, source_name=None, source_url=None), EvalResult(task_type='Retrieval', dataset_type='arguana', dataset_name='MTEB ArguAna', metric_type='ndcg_at_1000', metric_value=65.389, task_name=None, dataset_config='default', dataset_split='test', dataset_revision='None', dataset_args=None, metric_name=None, metric_config=None, metric_args=None, verified=False, verify_token=None, source_name=None, source_url=None), EvalResult(task_type='Retrieval', dataset_type='arguana', dataset_name='MTEB ArguAna', metric_type='ndcg_at_3', metric_value=54.673, task_name=None, dataset_config='default', dataset_split='test', dataset_revision='None', dataset_args=None, metric_name=None, metric_config=None, metric_args=None, verified=False, verify_token=None, source_name=None, source_url=None), EvalResult(task_type='Retrieval', dataset_type='arguana', dataset_name='MTEB ArguAna', metric_type='ndcg_at_5', metric_value=58.80499999999999, task_name=None, dataset_config='default', dataset_split='test', dataset_revision='None', dataset_args=None, metric_name=None, metric_config=None, metric_args=None, verified=False, verify_token=None, source_name=None, source_url=None), EvalResult(task_type='Retrieval', dataset_type='arguana', dataset_name='MTEB ArguAna', metric_type='precision_at_1', metric_value=39.972, task_name=None, dataset_config='default', dataset_split='test', dataset_revision='None', dataset_args=None, metric_name=None, metric_config=None, metric_args=None, verified=False, verify_token=None, source_name=None, source_url=None), EvalResult(task_type='Retrieval', dataset_type='arguana', dataset_name='MTEB ArguAna', metric_type='precision_at_10', metric_value=8.634, task_name=None, dataset_config='default', dataset_split='test', dataset_revision='None', dataset_args=None, metric_name=None, metric_config=None, metric_args=None, verified=False, verify_token=None, source_name=None, source_url=None), EvalResult(task_type='Retrieval', dataset_type='arguana', dataset_name='MTEB ArguAna', metric_type='precision_at_100', metric_value=0.9860000000000001, task_name=None, dataset_config='default', dataset_split='test', dataset_revision='None', dataset_args=None, metric_name=None, metric_config=None, metric_args=None, verified=False, verify_token=None, source_name=None, source_url=None), EvalResult(task_type='Retrieval', dataset_type='arguana', dataset_name='MTEB ArguAna', metric_type='precision_at_1000', metric_value=0.1, task_name=None, dataset_config='default', dataset_split='test', dataset_revision='None', dataset_args=None, metric_name=None, metric_config=None, metric_args=None, verified=False, verify_token=None, source_name=None, source_url=None), EvalResult(task_type='Retrieval', dataset_type='arguana', dataset_name='MTEB ArguAna', metric_type='precision_at_3', metric_value=21.740000000000002, task_name=None, dataset_config='default', dataset_split='test', dataset_revision='None', dataset_args=None, metric_name=None, metric_config=None, metric_args=None, verified=False, verify_token=None, source_name=None, source_url=None), EvalResult(task_type='Retrieval', dataset_type='arguana', dataset_name='MTEB ArguAna', metric_type='precision_at_5', metric_value=15.036, task_name=None, dataset_config='default', dataset_split='test', dataset_revision='None', dataset_args=None, metric_name=None, metric_config=None, metric_args=None, verified=False, verify_token=None, source_name=None, source_url=None), EvalResult(task_type='Retrieval', dataset_type='arguana', dataset_name='MTEB ArguAna', metric_type='recall_at_1', metric_value=39.972, task_name=None, dataset_config='default', dataset_split='test', dataset_revision='None', dataset_args=None, metric_name=None, metric_config=None, metric_args=None, verified=False, verify_token=None, source_name=None, source_url=None), EvalResult(task_type='Retrieval', dataset_type='arguana', dataset_name='MTEB ArguAna', metric_type='recall_at_10', metric_value=86.344, task_name=None, dataset_config='default', dataset_split='test', dataset_revision='None', dataset_args=None, metric_name=None, metric_config=None, metric_args=None, verified=False, verify_token=None, source_name=None, source_url=None), EvalResult(task_type='Retrieval', dataset_type='arguana', dataset_name='MTEB ArguAna', metric_type='recall_at_100', metric_value=98.578, task_name=None, dataset_config='default', dataset_split='test', dataset_revision='None', dataset_args=None, metric_name=None, metric_config=None, metric_args=None, verified=False, verify_token=None, source_name=None, source_url=None), EvalResult(task_type='Retrieval', dataset_type='arguana', dataset_name='MTEB ArguAna', metric_type='recall_at_1000', metric_value=99.57300000000001, task_name=None, dataset_config='default', dataset_split='test', dataset_revision='None', dataset_args=None, metric_name=None, metric_config=None, metric_args=None, verified=False, verify_token=None, source_name=None, source_url=None), EvalResult(task_type='Retrieval', dataset_type='arguana', dataset_name='MTEB ArguAna', metric_type='recall_at_3', metric_value=65.22, task_name=None, dataset_config='default', dataset_split='test', dataset_revision='None', dataset_args=None, metric_name=None, metric_config=None, metric_args=None, verified=False, verify_token=None, source_name=None, source_url=None), EvalResult(task_type='Retrieval', dataset_type='arguana', dataset_name='MTEB ArguAna', metric_type='recall_at_5', metric_value=75.178, task_name=None, dataset_config='default', dataset_split='test', dataset_revision='None', dataset_args=None, metric_name=None, metric_config=None, metric_args=None, verified=False, verify_token=None, source_name=None, source_url=None), EvalResult(task_type='Clustering', dataset_type='mteb/arxiv-clustering-p2p', dataset_name='MTEB ArxivClusteringP2P', metric_type='v_measure', metric_value=48.94652870403906, task_name=None, dataset_config='default', dataset_split='test', dataset_revision='a122ad7f3f0291bf49cc6f4d32aa80929df69d5d', dataset_args=None, metric_name=None, metric_config=None, metric_args=None, verified=False, verify_token=None, source_name=None, source_url=None), EvalResult(task_type='Clustering', dataset_type='mteb/arxiv-clustering-s2s', dataset_name='MTEB ArxivClusteringS2S', metric_type='v_measure', metric_value=43.17257160340209, task_name=None, dataset_config='default', dataset_split='test', dataset_revision='f910caf1a6075f7329cdf8c1a6135696f37dbd53', dataset_args=None, metric_name=None, metric_config=None, metric_args=None, verified=False, verify_token=None, source_name=None, source_url=None), EvalResult(task_type='Reranking', dataset_type='mteb/askubuntudupquestions-reranking', dataset_name='MTEB AskUbuntuDupQuestions', metric_type='map', metric_value=63.97867370559182, task_name=None, dataset_config='default', dataset_split='test', dataset_revision='2000358ca161889fa9c082cb41daa8dcfb161a54', dataset_args=None, metric_name=None, metric_config=None, metric_args=None, verified=False, verify_token=None, source_name=None, source_url=None), EvalResult(task_type='Reranking', dataset_type='mteb/askubuntudupquestions-reranking', dataset_name='MTEB AskUbuntuDupQuestions', metric_type='mrr', metric_value=77.00820032537484, task_name=None, dataset_config='default', dataset_split='test', dataset_revision='2000358ca161889fa9c082cb41daa8dcfb161a54', dataset_args=None, metric_name=None, metric_config=None, metric_args=None, verified=False, verify_token=None, source_name=None, source_url=None), EvalResult(task_type='STS', dataset_type='mteb/biosses-sts', dataset_name='MTEB BIOSSES', metric_type='cos_sim_pearson', metric_value=80.00986015960616, task_name=None, dataset_config='default', dataset_split='test', dataset_revision='d3fb88f8f02e40887cd149695127462bbcf29b4a', dataset_args=None, metric_name=None, metric_config=None, metric_args=None, verified=False, verify_token=None, source_name=None, source_url=None), EvalResult(task_type='STS', dataset_type='mteb/biosses-sts', dataset_name='MTEB BIOSSES', metric_type='cos_sim_spearman', metric_value=80.36387933827882, task_name=None, dataset_config='default', dataset_split='test', dataset_revision='d3fb88f8f02e40887cd149695127462bbcf29b4a', dataset_args=None, metric_name=None, metric_config=None, metric_args=None, verified=False, verify_token=None, source_name=None, source_url=None), EvalResult(task_type='STS', dataset_type='mteb/biosses-sts', dataset_name='MTEB BIOSSES', metric_type='euclidean_pearson', metric_value=80.32305287257296, task_name=None, dataset_config='default', dataset_split='test', dataset_revision='d3fb88f8f02e40887cd149695127462bbcf29b4a', dataset_args=None, metric_name=None, metric_config=None, metric_args=None, verified=False, verify_token=None, source_name=None, source_url=None), EvalResult(task_type='STS', dataset_type='mteb/biosses-sts', dataset_name='MTEB BIOSSES', metric_type='euclidean_spearman', metric_value=82.0524720308763, task_name=None, dataset_config='default', dataset_split='test', dataset_revision='d3fb88f8f02e40887cd149695127462bbcf29b4a', dataset_args=None, metric_name=None, metric_config=None, metric_args=None, verified=False, verify_token=None, source_name=None, source_url=None), EvalResult(task_type='STS', dataset_type='mteb/biosses-sts', dataset_name='MTEB BIOSSES', metric_type='manhattan_pearson', metric_value=80.19847473906454, task_name=None, dataset_config='default', dataset_split='test', dataset_revision='d3fb88f8f02e40887cd149695127462bbcf29b4a', dataset_args=None, metric_name=None, metric_config=None, metric_args=None, verified=False, verify_token=None, source_name=None, source_url=None), EvalResult(task_type='STS', dataset_type='mteb/biosses-sts', dataset_name='MTEB BIOSSES', metric_type='manhattan_spearman', metric_value=81.87957652506985, task_name=None, dataset_config='default', dataset_split='test', dataset_revision='d3fb88f8f02e40887cd149695127462bbcf29b4a', dataset_args=None, metric_name=None, metric_config=None, metric_args=None, verified=False, verify_token=None, source_name=None, source_url=None), EvalResult(task_type='Classification', dataset_type='mteb/banking77', dataset_name='MTEB Banking77Classification', metric_type='accuracy', metric_value=88.00000000000001, task_name=None, dataset_config='default', dataset_split='test', dataset_revision='0fd18e25b25c072e09e0d92ab615fda904d66300', dataset_args=None, metric_name=None, metric_config=None, metric_args=None, verified=False, verify_token=None, source_name=None, source_url=None), EvalResult(task_type='Classification', dataset_type='mteb/banking77', dataset_name='MTEB Banking77Classification', metric_type='f1', metric_value=87.99039027511853, task_name=None, dataset_config='default', dataset_split='test', dataset_revision='0fd18e25b25c072e09e0d92ab615fda904d66300', dataset_args=None, metric_name=None, metric_config=None, metric_args=None, verified=False, verify_token=None, source_name=None, source_url=None), EvalResult(task_type='Clustering', dataset_type='mteb/biorxiv-clustering-p2p', dataset_name='MTEB BiorxivClusteringP2P', metric_type='v_measure', metric_value=41.36932844640705, task_name=None, dataset_config='default', dataset_split='test', dataset_revision='65b79d1d13f80053f67aca9498d9402c2d9f1f40', dataset_args=None, metric_name=None, metric_config=None, metric_args=None, verified=False, verify_token=None, source_name=None, source_url=None), EvalResult(task_type='Clustering', dataset_type='mteb/biorxiv-clustering-s2s', dataset_name='MTEB BiorxivClusteringS2S', metric_type='v_measure', metric_value=38.34983239611985, task_name=None, dataset_config='default', dataset_split='test', dataset_revision='258694dd0231531bc1fd9de6ceb52a0853c6d908', dataset_args=None, metric_name=None, metric_config=None, metric_args=None, verified=False, verify_token=None, source_name=None, source_url=None), EvalResult(task_type='Retrieval', dataset_type='BeIR/cqadupstack', dataset_name='MTEB CQADupstackAndroidRetrieval', metric_type='map_at_1', metric_value=32.257999999999996, task_name=None, dataset_config='default', dataset_split='test', dataset_revision='None', dataset_args=None, metric_name=None, metric_config=None, metric_args=None, verified=False, verify_token=None, source_name=None, source_url=None), EvalResult(task_type='Retrieval', dataset_type='BeIR/cqadupstack', dataset_name='MTEB CQADupstackAndroidRetrieval', metric_type='map_at_10', metric_value=42.937, task_name=None, dataset_config='default', dataset_split='test', dataset_revision='None', dataset_args=None, metric_name=None, metric_config=None, metric_args=None, verified=False, verify_token=None, source_name=None, source_url=None), EvalResult(task_type='Retrieval', dataset_type='BeIR/cqadupstack', dataset_name='MTEB CQADupstackAndroidRetrieval', metric_type='map_at_100', metric_value=44.406, task_name=None, dataset_config='default', dataset_split='test', dataset_revision='None', dataset_args=None, metric_name=None, metric_config=None, metric_args=None, verified=False, verify_token=None, source_name=None, source_url=None), EvalResult(task_type='Retrieval', dataset_type='BeIR/cqadupstack', dataset_name='MTEB CQADupstackAndroidRetrieval', metric_type='map_at_1000', metric_value=44.536, task_name=None, dataset_config='default', dataset_split='test', dataset_revision='None', dataset_args=None, metric_name=None, metric_config=None, metric_args=None, verified=False, verify_token=None, source_name=None, source_url=None), EvalResult(task_type='Retrieval', dataset_type='BeIR/cqadupstack', dataset_name='MTEB CQADupstackAndroidRetrieval', metric_type='map_at_3', metric_value=39.22, task_name=None, dataset_config='default', dataset_split='test', dataset_revision='None', dataset_args=None, metric_name=None, metric_config=None, metric_args=None, verified=False, verify_token=None, source_name=None, source_url=None), EvalResult(task_type='Retrieval', dataset_type='BeIR/cqadupstack', dataset_name='MTEB CQADupstackAndroidRetrieval', metric_type='map_at_5', metric_value=41.458, task_name=None, dataset_config='default', dataset_split='test', dataset_revision='None', dataset_args=None, metric_name=None, metric_config=None, metric_args=None, verified=False, verify_token=None, source_name=None, source_url=None), EvalResult(task_type='Retrieval', dataset_type='BeIR/cqadupstack', dataset_name='MTEB CQADupstackAndroidRetrieval', metric_type='mrr_at_1', metric_value=38.769999999999996, task_name=None, dataset_config='default', dataset_split='test', dataset_revision='None', dataset_args=None, metric_name=None, metric_config=None, metric_args=None, verified=False, verify_token=None, source_name=None, source_url=None), EvalResult(task_type='Retrieval', dataset_type='BeIR/cqadupstack', dataset_name='MTEB CQADupstackAndroidRetrieval', metric_type='mrr_at_10', metric_value=48.701, task_name=None, dataset_config='default', dataset_split='test', dataset_revision='None', dataset_args=None, metric_name=None, metric_config=None, metric_args=None, verified=False, verify_token=None, source_name=None, source_url=None), EvalResult(task_type='Retrieval', dataset_type='BeIR/cqadupstack', dataset_name='MTEB CQADupstackAndroidRetrieval', metric_type='mrr_at_100', metric_value=49.431000000000004, task_name=None, dataset_config='default', dataset_split='test', dataset_revision='None', dataset_args=None, metric_name=None, metric_config=None, metric_args=None, verified=False, verify_token=None, source_name=None, source_url=None), EvalResult(task_type='Retrieval', dataset_type='BeIR/cqadupstack', dataset_name='MTEB CQADupstackAndroidRetrieval', metric_type='mrr_at_1000', metric_value=49.476, task_name=None, dataset_config='default', dataset_split='test', dataset_revision='None', dataset_args=None, metric_name=None, metric_config=None, metric_args=None, verified=False, verify_token=None, source_name=None, source_url=None), EvalResult(task_type='Retrieval', dataset_type='BeIR/cqadupstack', dataset_name='MTEB CQADupstackAndroidRetrieval', metric_type='mrr_at_3', metric_value=45.875, task_name=None, dataset_config='default', dataset_split='test', dataset_revision='None', dataset_args=None, metric_name=None, metric_config=None, metric_args=None, verified=False, verify_token=None, source_name=None, source_url=None), EvalResult(task_type='Retrieval', dataset_type='BeIR/cqadupstack', dataset_name='MTEB CQADupstackAndroidRetrieval', metric_type='mrr_at_5', metric_value=47.67, task_name=None, dataset_config='default', dataset_split='test', dataset_revision='None', dataset_args=None, metric_name=None, metric_config=None, metric_args=None, verified=False, verify_token=None, source_name=None, source_url=None), EvalResult(task_type='Retrieval', dataset_type='BeIR/cqadupstack', dataset_name='MTEB CQADupstackAndroidRetrieval', metric_type='ndcg_at_1', metric_value=38.769999999999996, task_name=None, dataset_config='default', dataset_split='test', dataset_revision='None', dataset_args=None, metric_name=None, metric_config=None, metric_args=None, verified=False, verify_token=None, source_name=None, source_url=None), EvalResult(task_type='Retrieval', dataset_type='BeIR/cqadupstack', dataset_name='MTEB CQADupstackAndroidRetrieval', metric_type='ndcg_at_10', metric_value=49.35, task_name=None, dataset_config='default', dataset_split='test', dataset_revision='None', dataset_args=None, metric_name=None, metric_config=None, metric_args=None, verified=False, verify_token=None, source_name=None, source_url=None), EvalResult(task_type='Retrieval', dataset_type='BeIR/cqadupstack', dataset_name='MTEB CQADupstackAndroidRetrieval', metric_type='ndcg_at_100', metric_value=54.618, task_name=None, dataset_config='default', dataset_split='test', dataset_revision='None', dataset_args=None, metric_name=None, metric_config=None, metric_args=None, verified=False, verify_token=None, source_name=None, source_url=None), EvalResult(task_type='Retrieval', dataset_type='BeIR/cqadupstack', dataset_name='MTEB CQADupstackAndroidRetrieval', metric_type='ndcg_at_1000', metric_value=56.655, task_name=None, dataset_config='default', dataset_split='test', dataset_revision='None', dataset_args=None, metric_name=None, metric_config=None, metric_args=None, verified=False, verify_token=None, source_name=None, source_url=None), EvalResult(task_type='Retrieval', dataset_type='BeIR/cqadupstack', dataset_name='MTEB CQADupstackAndroidRetrieval', metric_type='ndcg_at_3', metric_value=43.826, task_name=None, dataset_config='default', dataset_split='test', dataset_revision='None', dataset_args=None, metric_name=None, metric_config=None, metric_args=None, verified=False, verify_token=None, source_name=None, source_url=None), EvalResult(task_type='Retrieval', dataset_type='BeIR/cqadupstack', dataset_name='MTEB CQADupstackAndroidRetrieval', metric_type='ndcg_at_5', metric_value=46.72, task_name=None, dataset_config='default', dataset_split='test', dataset_revision='None', dataset_args=None, metric_name=None, metric_config=None, metric_args=None, verified=False, verify_token=None, source_name=None, source_url=None), EvalResult(task_type='Retrieval', dataset_type='BeIR/cqadupstack', dataset_name='MTEB CQADupstackAndroidRetrieval', metric_type='precision_at_1', metric_value=38.769999999999996, task_name=None, dataset_config='default', dataset_split='test', dataset_revision='None', dataset_args=None, metric_name=None, metric_config=None, metric_args=None, verified=False, verify_token=None, source_name=None, source_url=None), EvalResult(task_type='Retrieval', dataset_type='BeIR/cqadupstack', dataset_name='MTEB CQADupstackAndroidRetrieval', metric_type='precision_at_10', metric_value=9.328, task_name=None, dataset_config='default', dataset_split='test', dataset_revision='None', dataset_args=None, metric_name=None, metric_config=None, metric_args=None, verified=False, verify_token=None, source_name=None, source_url=None), EvalResult(task_type='Retrieval', dataset_type='BeIR/cqadupstack', dataset_name='MTEB CQADupstackAndroidRetrieval', metric_type='precision_at_100', metric_value=1.484, task_name=None, dataset_config='default', dataset_split='test', dataset_revision='None', dataset_args=None, metric_name=None, metric_config=None, metric_args=None, verified=False, verify_token=None, source_name=None, source_url=None), EvalResult(task_type='Retrieval', dataset_type='BeIR/cqadupstack', dataset_name='MTEB CQADupstackAndroidRetrieval', metric_type='precision_at_1000', metric_value=0.196, task_name=None, dataset_config='default', dataset_split='test', dataset_revision='None', dataset_args=None, metric_name=None, metric_config=None, metric_args=None, verified=False, verify_token=None, source_name=None, source_url=None), EvalResult(task_type='Retrieval', dataset_type='BeIR/cqadupstack', dataset_name='MTEB CQADupstackAndroidRetrieval', metric_type='precision_at_3', metric_value=20.649, task_name=None, dataset_config='default', dataset_split='test', dataset_revision='None', dataset_args=None, metric_name=None, metric_config=None, metric_args=None, verified=False, verify_token=None, source_name=None, source_url=None), EvalResult(task_type='Retrieval', dataset_type='BeIR/cqadupstack', dataset_name='MTEB CQADupstackAndroidRetrieval', metric_type='precision_at_5', metric_value=15.25, task_name=None, dataset_config='default', dataset_split='test', dataset_revision='None', dataset_args=None, metric_name=None, metric_config=None, metric_args=None, verified=False, verify_token=None, source_name=None, source_url=None), EvalResult(task_type='Retrieval', dataset_type='BeIR/cqadupstack', dataset_name='MTEB CQADupstackAndroidRetrieval', metric_type='recall_at_1', metric_value=32.257999999999996, task_name=None, dataset_config='default', dataset_split='test', dataset_revision='None', dataset_args=None, metric_name=None, metric_config=None, metric_args=None, verified=False, verify_token=None, source_name=None, source_url=None), EvalResult(task_type='Retrieval', dataset_type='BeIR/cqadupstack', dataset_name='MTEB CQADupstackAndroidRetrieval', metric_type='recall_at_10', metric_value=61.849, task_name=None, dataset_config='default', dataset_split='test', dataset_revision='None', dataset_args=None, metric_name=None, metric_config=None, metric_args=None, verified=False, verify_token=None, source_name=None, source_url=None), EvalResult(task_type='Retrieval', dataset_type='BeIR/cqadupstack', dataset_name='MTEB CQADupstackAndroidRetrieval', metric_type='recall_at_100', metric_value=83.70400000000001, task_name=None, dataset_config='default', dataset_split='test', dataset_revision='None', dataset_args=None, metric_name=None, metric_config=None, metric_args=None, verified=False, verify_token=None, source_name=None, source_url=None), EvalResult(task_type='Retrieval', dataset_type='BeIR/cqadupstack', dataset_name='MTEB CQADupstackAndroidRetrieval', metric_type='recall_at_1000', metric_value=96.344, task_name=None, dataset_config='default', dataset_split='test', dataset_revision='None', dataset_args=None, metric_name=None, metric_config=None, metric_args=None, verified=False, verify_token=None, source_name=None, source_url=None), EvalResult(task_type='Retrieval', dataset_type='BeIR/cqadupstack', dataset_name='MTEB CQADupstackAndroidRetrieval', metric_type='recall_at_3', metric_value=46.037, task_name=None, dataset_config='default', dataset_split='test', dataset_revision='None', dataset_args=None, metric_name=None, metric_config=None, metric_args=None, verified=False, verify_token=None, source_name=None, source_url=None), EvalResult(task_type='Retrieval', dataset_type='BeIR/cqadupstack', dataset_name='MTEB CQADupstackAndroidRetrieval', metric_type='recall",transformers,Yes,Yes
rein5,rein5/bert-base-uncased-finetuned-spoken-squad,non,['squad'],,transformers,Yes,Yes
rellanchayan,rellanchayan/specializedEmbeddingModel,non,,,sentence-transformers,No,No
RESMPDEV,RESMPDEV/Gemma-Wukong-2b,non,,,transformers,Yes,No
Revankumar,Revankumar/fine_tuned_embeddings_for_healthy_recipes,non,,,sentence-transformers,No,No
Rifky,Rifky/test_trainer,non,['accuracy'],[],transformers,No,No
RifsxD,RifsxD/DialoGPT-medium-raifu,non,,,transformers,No,No
rishiraj,rishiraj/CatPPT-base,non,,,transformers,No,No
Ritik009999,Ritik009999/solver7b,non,,,transformers,No,No
RLHFsamurai,RLHFsamurai/test_nedo_20240309_openassistant,non,,,transformers,No,No
rohitdiwane,rohitdiwane/distilbert-base-uncased-finetuned-imdb,non,,[],transformers,No,No
rrw-x2,rrw-x2/KoSOLAR-10.9B-v0.5,non,,,transformers,No,No
Rushikesh,Rushikesh/sirio-first-model,non,,,transformers,No,No
s-man2099,s-man2099/fb-bart-large-cnn-3k,non,,[],transformers,No,No
sahil2801,sahil2801/instruct-codegen-16B,non,['code_eval'],"[EvalResult(task_type='code-generation', dataset_type='openai_humaneval', dataset_name='HumanEval', metric_type='pass@1', metric_value=0.371, task_name=None, dataset_config=None, dataset_split=None, dataset_revision=None, dataset_args=None, metric_name='pass@1', metric_config=None, metric_args=None, verified=False, verify_token=None, source_name=None, source_url=None)]",transformers,No,No
saicharan8,saicharan8/telugu-summarization-umt5-small,non,,[],transformers,Yes,No
sakib131,sakib131/bangla-conv-summarizer-model,non,,[],transformers,No,No
Salesforce,Salesforce/codegen2-16B,non,,,transformers,Yes,Yes
Salexoid,Salexoid/mistral-7b-saiga-sum-v0.1,non,,,transformers,No,No
samal-santosh,samal-santosh/santu-finetuned,non,,[],transformers,No,No
samsonluo,samsonluo/hello-finetune-gpt,non,,,transformers,No,No
santiadavani,santiadavani/53,non,,[],transformers,No,No
Sao10K,Sao10K/R17AST-Mistral-7B,non,,,transformers,No,No
Sarthak279,Sarthak279/Conversation-Summarizer,non,,,transformers,No,No
satendra4u2022,satendra4u2022/NeuralHermes-2.5-Mistral-7B,non,,,transformers,No,No
saudi82s,saudi82s/test,non,,,transformers,No,No
savasy,savasy/bert-base-turkish-sentiment-cased,non,,,transformers,Yes,No
sayanbhatia,sayanbhatia/git-sketch,non,,,transformers,No,No
selfrag,selfrag/selfrag_llama2_13b,non,,,transformers,Yes,Yes
sethuiyer,sethuiyer/Diana-7B,non,,"[EvalResult(task_type='text-generation', dataset_type='ai2_arc', dataset_name='AI2 Reasoning Challenge (25-Shot)', metric_type='acc_norm', metric_value=68.34, task_name='Text Generation', dataset_config='ARC-Challenge', dataset_split='test', dataset_revision=None, dataset_args={'num_few_shot': 25}, metric_name='normalized accuracy', metric_config=None, metric_args=None, verified=False, verify_token=None, source_name='Open LLM Leaderboard', source_url='https://huggingface.co/spaces/HuggingFaceH4/open_llm_leaderboard?query=sethuiyer/Diana-7B'), EvalResult(task_type='text-generation', dataset_type='hellaswag', dataset_name='HellaSwag (10-Shot)', metric_type='acc_norm', metric_value=86.73, task_name='Text Generation', dataset_config=None, dataset_split='validation', dataset_revision=None, dataset_args={'num_few_shot': 10}, metric_name='normalized accuracy', metric_config=None, metric_args=None, verified=False, verify_token=None, source_name='Open LLM Leaderboard', source_url='https://huggingface.co/spaces/HuggingFaceH4/open_llm_leaderboard?query=sethuiyer/Diana-7B'), EvalResult(task_type='text-generation', dataset_type='cais/mmlu', dataset_name='MMLU (5-Shot)', metric_type='acc', metric_value=64.58, task_name='Text Generation', dataset_config='all', dataset_split='test', dataset_revision=None, dataset_args={'num_few_shot': 5}, metric_name='accuracy', metric_config=None, metric_args=None, verified=False, verify_token=None, source_name='Open LLM Leaderboard', source_url='https://huggingface.co/spaces/HuggingFaceH4/open_llm_leaderboard?query=sethuiyer/Diana-7B'), EvalResult(task_type='text-generation', dataset_type='truthful_qa', dataset_name='TruthfulQA (0-shot)', metric_type='mc2', metric_value=60.55, task_name='Text Generation', dataset_config='multiple_choice', dataset_split='validation', dataset_revision=None, dataset_args={'num_few_shot': 0}, metric_name=None, metric_config=None, metric_args=None, verified=False, verify_token=None, source_name='Open LLM Leaderboard', source_url='https://huggingface.co/spaces/HuggingFaceH4/open_llm_leaderboard?query=sethuiyer/Diana-7B'), EvalResult(task_type='text-generation', dataset_type='winogrande', dataset_name='Winogrande (5-shot)', metric_type='acc', metric_value=80.19, task_name='Text Generation', dataset_config='winogrande_xl', dataset_split='validation', dataset_revision=None, dataset_args={'num_few_shot': 5}, metric_name='accuracy', metric_config=None, metric_args=None, verified=False, verify_token=None, source_name='Open LLM Leaderboard', source_url='https://huggingface.co/spaces/HuggingFaceH4/open_llm_leaderboard?query=sethuiyer/Diana-7B'), EvalResult(task_type='text-generation', dataset_type='gsm8k', dataset_name='GSM8k (5-shot)', metric_type='acc', metric_value=63.23, task_name='Text Generation', dataset_config='main', dataset_split='test', dataset_revision=None, dataset_args={'num_few_shot': 5}, metric_name='accuracy', metric_config=None, metric_args=None, verified=False, verify_token=None, source_name='Open LLM Leaderboard', source_url='https://huggingface.co/spaces/HuggingFaceH4/open_llm_leaderboard?query=sethuiyer/Diana-7B')]",transformers,No,No
Setiaku,Setiaku/p2tr1-13b-l2-fp16,non,,,transformers,No,No
shanti10,shanti10/xlm-roberta-large-finetuned-ner,non,,[],transformers,No,No
Shawn156,Shawn156/bert-base-uncased-issue-128,non,,[],transformers,No,No
ShinjuM,ShinjuM/rut5-base-par-simp-aphasia,non,,,transformers,No,No
Shishir1807,Shishir1807/Drug_Ollama_67k,non,,,transformers,No,No
Shrimalip,Shrimalip/mbart-large-50-many-to-many-mmt-finetuned-hi-to-en,non,['bleu'],[],transformers,No,No
silvercoder45,silvercoder45/Mistral-7b-instruct-v0.2-summ-sft-e2m,non,,,transformers,No,No
SilverFan,SilverFan/Monarch-Kunoichi-7B,non,,,transformers,No,No
simonschoe,simonschoe/TransformationTransformer,non,,,transformers,Yes,No
soltaniali,soltaniali/roberta-fa-zwnj-base_v1,non,"['accuracy', 'f1', 'precision']",[],transformers,No,No
songdemin,songdemin/codellama_with_comments,non,,,transformers,No,No
SRDdev,SRDdev/MarathiSampark,non,['bleu'],[],transformers,No,No
Stevross,Stevross/Astrid-7B-Assistant-CPU,non,,,transformers,No,No
sujayC66,sujayC66/text_summarization-finetuned-stocknews,non,['rouge'],[],transformers,No,No
summer11111,summer11111/CODEsummer,non,,,transformers,No,No
SUSTech,SUSTech/SUS-Chat-72B,non,,,transformers,No,No
SuvajitGB,SuvajitGB/NeuralPipe-7B-slerp,non,,,transformers,No,No
Swarnava,Swarnava/T5_small_title,non,['rouge'],[],transformers,No,No
sxx123,sxx123/gpt2-medium,non,,,transformers,Yes,Yes
systemk,systemk/dsir-wiki-ja-5k,non,,,transformers,No,No
taodaotada,taodaotada/tadam1,non,,,transformers,No,No
teilomillet,teilomillet/MiniMerlin-3B,non,,,transformers,Yes,No
TerryHenrickson,TerryHenrickson/t5-small-finetuned-xsum,non,['rouge'],[],transformers,No,No
test3333333,test3333333/flan-t5-small-en-simplif,non,"['rouge', 'bleu']",[],transformers,No,No
tfg-rca,tfg-rca/ciber-responder,non,,,transformers,No,No
TheBlokeAI,TheBlokeAI/JackFram-Llama-68M,non,,,transformers,No,No
theNovaAI,theNovaAI/Supernova-experimental,non,,"[EvalResult(task_type='text-generation', dataset_type='ai2_arc', dataset_name='AI2 Reasoning Challenge (25-Shot)', metric_type='acc_norm', metric_value=63.05, task_name='Text Generation', dataset_config='ARC-Challenge', dataset_split='test', dataset_revision=None, dataset_args={'num_few_shot': 25}, metric_name='normalized accuracy', metric_config=None, metric_args=None, verified=False, verify_token=None, source_name='Open LLM Leaderboard', source_url='https://huggingface.co/spaces/HuggingFaceH4/open_llm_leaderboard?query=theNovaAI/Supernova-experimental'), EvalResult(task_type='text-generation', dataset_type='hellaswag', dataset_name='HellaSwag (10-Shot)', metric_type='acc_norm', metric_value=83.66, task_name='Text Generation', dataset_config=None, dataset_split='validation', dataset_revision=None, dataset_args={'num_few_shot': 10}, metric_name='normalized accuracy', metric_config=None, metric_args=None, verified=False, verify_token=None, source_name='Open LLM Leaderboard', source_url='https://huggingface.co/spaces/HuggingFaceH4/open_llm_leaderboard?query=theNovaAI/Supernova-experimental'), EvalResult(task_type='text-generation', dataset_type='cais/mmlu', dataset_name='MMLU (5-Shot)', metric_type='acc', metric_value=56.59, task_name='Text Generation', dataset_config='all', dataset_split='test', dataset_revision=None, dataset_args={'num_few_shot': 5}, metric_name='accuracy', metric_config=None, metric_args=None, verified=False, verify_token=None, source_name='Open LLM Leaderboard', source_url='https://huggingface.co/spaces/HuggingFaceH4/open_llm_leaderboard?query=theNovaAI/Supernova-experimental'), EvalResult(task_type='text-generation', dataset_type='truthful_qa', dataset_name='TruthfulQA (0-shot)', metric_type='mc2', metric_value=49.37, task_name='Text Generation', dataset_config='multiple_choice', dataset_split='validation', dataset_revision=None, dataset_args={'num_few_shot': 0}, metric_name=None, metric_config=None, metric_args=None, verified=False, verify_token=None, source_name='Open LLM Leaderboard', source_url='https://huggingface.co/spaces/HuggingFaceH4/open_llm_leaderboard?query=theNovaAI/Supernova-experimental'), EvalResult(task_type='text-generation', dataset_type='winogrande', dataset_name='Winogrande (5-shot)', metric_type='acc', metric_value=77.35, task_name='Text Generation', dataset_config='winogrande_xl', dataset_split='validation', dataset_revision=None, dataset_args={'num_few_shot': 5}, metric_name='accuracy', metric_config=None, metric_args=None, verified=False, verify_token=None, source_name='Open LLM Leaderboard', source_url='https://huggingface.co/spaces/HuggingFaceH4/open_llm_leaderboard?query=theNovaAI/Supernova-experimental'), EvalResult(task_type='text-generation', dataset_type='gsm8k', dataset_name='GSM8k (5-shot)', metric_type='acc', metric_value=28.73, task_name='Text Generation', dataset_config='main', dataset_split='test', dataset_revision=None, dataset_args={'num_few_shot': 5}, metric_name='accuracy', metric_config=None, metric_args=None, verified=False, verify_token=None, source_name='Open LLM Leaderboard', source_url='https://huggingface.co/spaces/HuggingFaceH4/open_llm_leaderboard?query=theNovaAI/Supernova-experimental')]",transformers,No,No
tjake,tjake/llama2-7b-hf-jlama-Q4_0,non,,,transformers,No,No
tomaszki,tomaszki/phi-metamath,non,,[],transformers,Yes,No
tomrb,tomrb/bettercallbloom-3b,non,,,transformers,No,No
tqoyiwcvwkephzdgsp,tqoyiwcvwkephzdgsp/distilbert-base-uncased-finetuned-ner,non,"['precision', 'recall', 'f1', 'accuracy']",[],transformers,No,No
travelgate,travelgate/feature-predicted-en,non,,,transformers,No,No
tschlunk,tschlunk/bert-finetuned-squad,non,,[],transformers,No,No
tslan,tslan/distilbert-base-uncased-finetuned-imdb,non,,[],transformers,No,No
tuanHenry,tuanHenry/distilbert_base_uncased_Movies_genre_predict,non,"['accuracy', 'f1']",[],transformers,No,No
tym24,tym24/mt5-summarize-ja,non,['rouge'],[],transformers,No,No
typosonlr,typosonlr/llama-2-7b-chat-MEDMATCH_2,non,,,transformers,No,No
tyson0420,tyson0420/stack-llama-2,non,,,transformers,No,No
udxyz,udxyz/HarryPotterBot,non,,,transformers,No,No
UNIST-Eunchan,UNIST-Eunchan/NLP-Paper-to-QA-Generation,non,,[],transformers,No,No
unkownFm,unkownFm/nlp-6-fine-tuned,non,,[],transformers,No,No
UsernameNLP,UsernameNLP/calculator_model_test,non,,[],transformers,No,No
utrobinmv,utrobinmv/t5_summary_en_ru_zh_base_2048,non,,,transformers,No,No
victoriadimelis,victoriadimelis/cs224nfinal-finetuneopt-125m,non,,[],transformers,No,No
vn24,vn24/layoutlm-funsd,non,,[],transformers,No,No
VRT-2428211,VRT-2428211/NLP2_Base_3e-5,non,,[],transformers,No,No
weihlai,weihlai/distilbert-base-uncased-finetuned-squad,non,,[],transformers,No,No
WhiteRabbitNeo,WhiteRabbitNeo/Trinity-33B-v1.0,non,,,transformers,No,No
WintWealth,WintWealth/OpenHermes_ApricotTangerineScallop_HF_8_GPTQ,non,,,transformers,No,No
wxrrrrrrr,wxrrrrrrr/model_test,non,,,transformers,No,No
xuerongkun,xuerongkun/distilbert-base-uncased_emotion_ft_12_17,non,"['accuracy', 'f1', 'precision', 'recall']",[],transformers,No,No
xwar,xwar/2023-11-19_ninox_training-0,non,,,transformers,Yes,No
xy21593,xy21593/NeuralHermes-2.5-Mistral-7B,non,,,transformers,No,No
xz97,xz97/AlpaCare-llama-13b,non,,,transformers,No,No
y-oguchi,y-oguchi/distilbert-base-uncased-finetuned-imdb,non,,[],transformers,No,No
yairschiff,yairschiff/bimamba-template,non,,,transformers,No,No
Yashaswi0506,Yashaswi0506/distilbert-base-uncased-finetuned-squad,non,,[],transformers,No,No
yegokpinar,yegokpinar/deneme_model_tr,non,,[],transformers,No,No
yemen2016,yemen2016/MeMo_BERT-SA_1,non,,[],transformers,No,No
yeye776,yeye776/OndeviceAI-T5-small,non,,[],transformers,Yes,No
yiyanghkust,yiyanghkust/finbert-tone-chinese,non,,,transformers,No,No
zake7749,zake7749/chinese-lyrics-generation-mass,non,,,transformers,No,No
zcbb,zcbb/hello-huggingface,non,,[],transformers,No,No
zjufuturefly,zjufuturefly/vicuna-7b,non,,,transformers,No,No
zzz99,zzz99/output-7b-26k-lora-test-afternoon,non,,,transformers,No,No